{"0": {"25": [[0.0, 0.0, 0.0], [0.0, 0.0, 0.0]], "27": [[-0.017698032230514735, 0.22272325452619152, 0.0015155692446131466], [-214.20532773597637, -16.67827729477543, 15.817199629601358]], "24": [[0.007590296677989738, -0.1075415101929475, -0.001495160133703976], [115.23405106076953, 8.318864759696565, -4.305042003126328]], "26": [[-0.011161607201919088, 0.13664910414745993, -0.00030216243940626975], [-143.99741557043237, -11.333836974814018, 20.687482249522425]], "29": [[-0.023416176396410977, 0.27795683174393737, 0.002106175235060659], [-271.06148577846653, -22.380488017221037, 40.4293828619315]], "22": [[0.013437500800499066, -0.19194120239221174, -0.0032802109684737], [206.47066747005698, 14.673855548987111, -3.3883396042552096]], "28": [[-0.023643129812214645, 0.27759538440256043, 0.0018859783452453126], [-270.91498950877565, -22.59332484043837, 40.6951795292362]], "23": [[0.013264985238062611, -0.1929889665665429, -0.0031293258215846762], [207.22318189135257, 14.52756185647918, -2.310494536143538]], "21": [[0.022765190999871593, -0.28281204237955526, -0.0043815449657805825], [273.3350162134114, 21.68291187778042, -2.0230064816250835]], "30": [[-0.03168089902031138, 0.3655966391694452, 0.002892931815573582], [-332.0160857033546, -28.557838363425233, 55.742918797374095]], "20": [[0.031001274902055665, -0.4008693548553903, -0.005100538301848685], [362.7221302455731, 27.750366812089318, 19.32755018908731]], "31": [[-0.0413987891652803, 0.5268262993372173, 0.00607024922309532], [-475.65563897297784, -38.059642084577796, 122.42214097447845]], "19": [[0.031001027758697532, -0.40086845474769933, -0.005100669908058788], [362.86001611557015, 27.85198215328542, 20.223480662279606]], "32": [[-0.049904305411042585, 0.6395155083286092, 0.007245812046516863], [-534.0564366785995, -42.8390666807406, 167.60308095019192]], "33": [[-0.056372614907393405, 0.7199366794598946, 0.008960934858869122], [-597.4941108813466, -48.588011024748056, 217.4549487118478]], "18": [[0.040188187196595775, -0.5181294658058696, -0.006269970914640497], [456.2158324608251, 35.00087104677702, 31.107606984765496]], "34": [[-0.07320318499849317, 0.8304396515126609, 0.013576806485826383], [-676.3538273156382, -64.1115049587018, 287.3882623188018]], "17": [[0.05289577206232215, -0.6823559849202705, -0.008247096260197493], [558.5674015992208, 42.15260959985127, 78.65525303564945]], "35": [[-0.09147629544185903, 0.9101651114713399, 0.019830011567903785], [-725.8326065645335, -81.12432640260845, 346.3718171493413]], "16": [[0.06035143382812835, -0.7944339729365032, -0.00906134888089748], [665.760053413064, 48.78788058517847, 143.63676872938777]], "36": [[-0.09966100510039176, 0.9508905036043666, 0.022859264361622854], [-746.4340796854873, -88.4413162358948, 387.18363081301237]], "37": [[-0.1027747051769002, 1.0013137944003792, 0.023640112417071514], [-761.1748282544609, -89.1208950301722, 407.77951668144266]], "15": [[0.07141023138351023, -0.9607940108591143, -0.009481235383246767], [748.8642250992947, 53.772461364279295, 212.63808260655514]], "38": [[-0.10612310367075603, 1.0171795370410037, 0.025573261549039075], [-767.3582109024884, -92.2996966759233, 426.1653699870978]], "13": [[0.08755767055919482, -1.166214447933605, -0.012407497864200276], [863.5831684357606, 60.87158793725068, 370.1288048445211]], "41": [[-0.10815756219266337, 1.2235142312526643, 0.026039319461449734], [-806.904747134056, -86.02232106975319, 627.73967001643]], "14": [[0.08217410831775028, -1.0887810099970152, -0.012021294435032994], [844.5127962212836, 60.107892168385824, 324.2439954670294]], "12": [[0.0894142909712637, -1.2034865584363723, -0.013410870632438461], [868.7684176768701, 59.93521832411248, 410.5010705687031]], "40": [[-0.10140604099942378, 1.1549252065355347, 0.024328226053553784], [-792.3562524139155, -82.67377338976769, 547.544749645192]], "42": [[-0.10549371795638197, 1.3044673604410877, 0.02295885954264662], [-809.7760105813559, -78.43318081507141, 720.731360313958]], "11": [[0.09497205492704151, -1.2873263341630063, -0.014688334338720908], [886.3405003671048, 59.89653758152199, 466.9407786151541]], "39": [[-0.10042820067291884, 1.1095489749202003, 0.023071058739184632], [-781.7823983214365, -82.7278131313103, 528.0481962204047]], "43": [[-0.10695027395078002, 1.3492890279267824, 0.02413613689152466], [-816.1085713088653, -78.63863712887718, 743.8022909527438]], "44": [[-0.11008142838611959, 1.4268154881897044, 0.02108266820037011], [-813.3311903605496, -75.13144246369286, 832.3631968697633]], "10": [[0.1009263939472262, -1.37223104792218, -0.015796735826910935], [919.8445865827673, 61.23750403870232, 550.5862669746374]], "9": [[0.10419441207055613, -1.4643530003260175, -0.016165229591063698], [941.3918296810609, 60.14533249847085, 646.6193644406127]], "45": [[-0.11627707836472476, 1.5090033280773654, 0.01955484015536658], [-805.5947249627797, -73.7715420330492, 925.1119462018947]], "8": [[0.10886651612600129, -1.5190544472400052, -0.016177907953639416], [951.2113543313309, 61.166202735613076, 705.3661974309949]], "7": [[0.1196742361955014, -1.6819635033924405, -0.018806264923116926], [933.3943032340826, 57.12209457480244, 853.0520683884724]], "46": [[-0.12417699624955382, 1.63388341147291, 0.020433469256549684], [-773.6285609803448, -71.52096408404265, 1052.5940155148696]], "6": [[0.13056803496354913, -1.8520370854859827, -0.022797189792033927], [893.0219525695195, 50.35034659824085, 1002.1370381015239]], "47": [[-0.13310401391798718, 1.72812244616341, 0.020601976518834223], [-728.6270608447758, -69.09099237401112, 1126.3506039547137]], "5": [[0.13898983475607596, -1.9482520439124216, -0.02456370013648198], [873.4131653116002, 48.45662772073883, 1100.658657054679]], "48": [[-0.13214242103367052, 1.729672069642156, 0.021094615244890046], [-728.1676211883528, -69.11770153518277, 1127.715993722318]], "49": [[-0.1398076807773957, 1.8203268176282654, 0.022402309797174256], [-678.3073919624327, -66.48501636400641, 1193.0690674024363]], "4": [[0.1456699992506296, -2.0358129198534693, -0.025286590141065268], [842.6876966417535, 45.611681631332594, 1188.0661895608944]], "50": [[-0.14299563690255532, 1.8783012891630193, 0.024285874826787214], [-671.9233287756706, -66.52073296230968, 1226.1253221277473]], "3": [[0.1509940616021373, -2.105689325976524, -0.025657140619982064], [812.1560815208279, 43.25334715819329, 1226.4456035755659]], "51": [[-0.15405243120761394, 2.005389428651295, 0.026723744913143534], [-605.5060930504692, -64.19301823897604, 1342.6131792727356]], "1": [[0.17086683852506154, -2.3317181604812776, -0.023859846910944518], [685.9197056027424, 35.63749097108639, 1333.2956985291876]], "52": [[-0.1600449610377877, 2.079031095318255, 0.027810545142883083], [-563.5101559438326, -62.00191646006944, 1406.694479179469]], "2": [[0.1714207039510318, -2.3316622282475077, -0.023286960193511272], [686.0384857031498, 36.30187469500552, 1333.3481832066577]]}}
