{"0": {"26": [[0.0, 0.0, 0.0], [0.0, 0.0, 0.0]], "27": [[-0.006283294895467024, 0.08560860675638576, 0.0015330481248522429], [71.04525238731125, 5.1724488777390185, 16.08288460316121]], "25": [[0.011211555674158647, -0.135142063811928, 0.00045651834257291583], [-140.87955583653022, -11.263070646852018, 1.7767013545122197]], "28": [[-0.011774102303978273, 0.1400749635746609, 0.0018018020787497083], [127.95205864337842, 10.714396062899624, -0.6994844731482299]], "24": [[0.019077770398869983, -0.24137831130076887, -0.0009775361824326597], [-251.74715179553533, -19.428324349755442, -8.269091768196482]], "29": [[-0.01149427658626241, 0.14047326025940132, 0.0020596958636539407], [128.1441228003464, 10.455573099158128, -0.4055409282316895]], "23": [[0.02441280160552583, -0.32654827335033243, -0.0023694415265662896], [-339.69199203787866, -24.99875315814497, -21.708572663290543]], "30": [[-0.019480014437004305, 0.22758762741006, 0.0026688564280942483], [191.91789590326022, 16.654625436598188, -3.9801310505205425]], "22": [[0.024367549369137206, -0.32560850652780443, -0.0024480236633223], [-339.0511590482729, -24.96906757799412, -20.612595255195814]], "21": [[0.03358146543732948, -0.4159087836329182, -0.0032968722024046197], [-401.7264765285299, -31.480584232082602, -34.042751874574066]], "31": [[-0.029149004231740515, 0.3873616271860826, 0.005028894179351066], [341.197947001059, 26.227853094936467, -49.04571384486216]], "20": [[0.042193525236137175, -0.5346178926365912, -0.0038912533446325906], [-484.9765728512426, -37.334906364680776, -70.48531026932821]], "32": [[-0.036919181558776784, 0.5001464300899334, 0.005999782860465348], [408.0454201340161, 31.039683327617777, -80.47056543668846]], "19": [[0.04178024447739415, -0.5342813919377136, -0.0038031060122559494], [-484.871922020703, -37.1427844606121, -71.28814243198836]], "33": [[-0.04251300812820267, 0.5796362589386853, 0.007639591922858366], [476.60514426418126, 36.480520514618775, -120.30713378431197]], "18": [[0.05005004438335231, -0.6518240175522098, -0.004143574104846491], [-569.6266388058425, -42.9827305232435, -96.97965959161327]], "17": [[0.0638083227213503, -0.8149844938978783, -0.005919990839051481], [-657.5516864357892, -49.839859199737845, -162.24485493286193]], "34": [[-0.058901081302218515, 0.6901247302800151, 0.012338642955293026], [564.6361019413923, 52.28606098392518, -178.0380817074597]], "16": [[0.07205050577378491, -0.9268026729870362, -0.006904625582969409], [-751.7688913312106, -56.11384458685206, -236.88583993897015]], "41": [[-0.09245906029611242, 1.0841361437757735, 0.02295562972641162], [740.840267814452, 75.61426739740928, -483.9818514899321]], "15": [[0.08282339058901506, -1.0959132578316275, -0.006125094419202135], [-817.5734284132297, -59.93511360882518, -321.9193422840156]], "43": [[-0.09175600878683575, 1.2116794987256552, 0.01952320773671069], [767.3171196874669, 68.87588820301573, -594.4156898239183]], "39": [[-0.0849792387049023, 0.9697528686301593, 0.020655556314831944], [701.1268898939506, 71.73622622285964, -392.060643062558]], "12": [[0.10132143379603435, -1.3377645159426919, -0.009085517705963065], [-905.9780385982565, -64.65185649784243, -530.8640752403941]], "42": [[-0.09046308033949967, 1.1662047289168918, 0.018692063121172026], [754.814297591626, 68.54875320742859, -572.3963641921926]], "44": [[-0.09533886359081423, 1.2890010424586658, 0.01578939723069115], [775.2292022427341, 66.16970360682693, -678.9404388306231]], "40": [[-0.0862064054594563, 1.0151869334292114, 0.021275579271127405], [717.5451992848479, 71.93782315177387, -408.9694155164546]], "37": [[-0.08699023796640713, 0.862301852200264, 0.022763768137041895], [667.6832199098062, 77.74000554951724, -282.758245295574]], "11": [[0.10688587942884671, -1.421753431921477, -0.009735174728751659], [-912.7149722538669, -64.14561965026705, -590.3907560352576]], "13": [[0.09951585265553377, -1.3010035769342292, -0.008250664828699185], [-905.309537626384, -65.76502337228382, -489.86045922061294]], "9": [[0.12184666957156387, -1.6002303725956162, -0.011878292719721049], [-942.921186115457, -65.63601849204923, -772.4257917725249]], "45": [[-0.10155109587626664, 1.3739248863797504, 0.01400936798601563], [779.0906652447426, 65.57896906790634, -770.7442916238441]], "46": [[-0.10906761363250166, 1.498280132585963, 0.014197581437213065], [765.2796238703816, 64.11799391781258, -895.0634388091721]], "38": [[-0.09003772116386707, 0.8783498280510934, 0.02487226329435571], [675.6986384181381, 80.86629898650992, -299.5945119735453]], "10": [[0.11296609796487181, -1.5061424427783492, -0.010514475447388016], [-934.181268979306, -64.97747289302139, -674.6069551986687]], "14": [[0.09414483308051735, -1.2238571558136913, -0.00846295383013383], [-895.8526405006817, -65.41881330756088, -439.994158642473]], "8": [[0.12644358312344076, -1.65457654822123, -0.011710816342467935], [-945.1143015109319, -66.11409765362014, -830.1523446943854]], "48": [[-0.11722580577088308, 1.5932553950974642, 0.014048386294598848], [734.6965387034123, 62.629833296562815, -969.7491412916935]], "36": [[-0.08315262967159236, 0.8119440715682394, 0.02278064568435508], [647.0602174621795, 76.33787695009528, -266.04046948600455]], "7": [[0.1381661436636001, -1.8183001877953724, -0.012871082973346226], [-905.8391546858402, -61.552449679393646, -975.7348162707021]], "47": [[-0.1177424033511038, 1.5926230255069762, 0.014104708390175533], [734.7747306475128, 62.791086153039544, -969.1430733000748]], "35": [[-0.07543945235051586, 0.7708111845286963, 0.019483048028026157], [622.127620561553, 68.95171530485612, -229.32083218652915]], "6": [[0.1491906224159502, -1.987406406685166, -0.015387108504681406], [-844.1158273189619, -53.986728357721034, -1117.090085583226]], "49": [[-0.12481005330037391, 1.6843784960179464, 0.014963154923312334], [698.6572339409229, 60.9382983714107, -1036.9661082042878]], "5": [[0.15742138428856525, -2.0833426798845327, -0.016383229080561102], [-812.5668924486595, -51.41069378322281, -1208.9843725876726]], "50": [[-0.12917739654719923, 1.7418362588555665, 0.015366216081307166], [699.9325964557647, 61.069590086577755, -1071.8421665039136]], "4": [[0.1641605821033526, -2.170451439667155, -0.01628813675672837], [-771.8632869427909, -48.2676398104736, -1289.3764382356062]], "51": [[-0.13931681509443827, 1.8688845657766133, 0.017795568096935565], [651.3182911251872, 59.916527166877, -1192.2790237413985]], "3": [[0.16964620569579938, -2.24011308554733, -0.015943368308270405], [-733.5968015682733, -45.64162480980617, -1322.731440186819]], "52": [[-0.14561359352750514, 1.9421579771978001, 0.01822491154834123], [619.3513395866638, 58.26612866780847, -1259.4002573853318]], "1": [[0.1898492120318184, -2.4653066522489726, -0.0119627299069832], [-585.6062522550262, -36.998263125818546, -1409.8782302730888]], "53": [[-0.1518916184173204, 2.033293827666364, 0.020546419371541055], [574.524962206692, 56.41559368286299, -1342.0836185264839]], "2": [[0.1904740637119221, -2.4652265994429077, -0.011393035880241794], [-585.7230572117799, -37.63474322554832, -1409.965795170045]]}}
