{"0": {"26": [[0.0, 0.0, 0.0], [0.0, 0.0, 0.0]], "27": [[-0.00640570635985951, 0.08575468219262894, 0.0015579027749804339], [71.15319234212853, 5.267777181917415, 16.036171653497014]], "25": [[0.011464524183142416, -0.13540569812243272, 0.0004206108409461913], [-141.0753222605606, -11.45902354178095, 1.7650865062532226]], "29": [[-0.011602480034429336, 0.14112662641298276, 0.002073367660497125], [128.63279602488421, 10.53312763898152, -0.6296042377101561]], "24": [[0.019425262120997783, -0.24187719992061968, -0.001108065243792274], [-252.1166472349936, -19.68921118871711, -8.348801692720297]], "28": [[-0.011837217200923882, 0.1407365319701199, 0.001827678345667062], [128.44734696891982, 10.759487294005737, -0.9281301136982025]], "31": [[-0.028978876342978376, 0.3876872238223252, 0.0049175416703686435], [341.3942811320843, 26.070631203780067, -49.298674821885555]], "23": [[0.02489817898656719, -0.3274415417533186, -0.002600691923026465], [-340.34980855068954, -25.348636723856867, -21.8743408241928]], "32": [[-0.0368518733053558, 0.5006133073542488, 0.005858828577765164], [408.298896667119, 30.944319180005326, -80.81786197740497]], "22": [[0.024880632572186683, -0.3262392046874228, -0.002683843788300955], [-339.51076430589535, -25.340132060016373, -20.684978440970344]], "33": [[-0.04231456734547947, 0.5802558908828277, 0.0075462389258552], [476.9191534383584, 36.30496152856484, -120.72869672729463]], "21": [[0.034093514912673865, -0.41679855700418933, -0.003554596940394235], [-402.3636889827167, -31.83850844575917, -34.32303359258451]], "34": [[-0.0586315513117386, 0.6909277761342665, 0.012322702209044644], [565.0032163348316, 52.08428348221934, -178.63099295501738]], "20": [[0.042578265018912896, -0.5352567804533908, -0.004044154619822402], [-485.40439078071347, -37.5973969749133, -70.75634873979642]], "37": [[-0.08733375301222128, 0.8607534676328816, 0.02244100876025962], [666.9786888952805, 77.8290522901429, -281.75534775131223]], "19": [[0.04228848229478374, -0.5350048306680437, -0.004023511425408271], [-485.35748353251574, -37.48632813303364, -71.59189691019483]], "38": [[-0.0903710196952362, 0.8767712270541081, 0.024564927102099055], [674.9973131663976, 80.9538105466065, -298.55797575875414]], "39": [[-0.08520415909129453, 0.9685481241492593, 0.020515477302222796], [700.6506920173574, 71.81628721295549, -391.2447863203876]], "18": [[0.050632717922038196, -0.6528107552485614, -0.004379494311244943], [-570.2457929071857, -43.35401694873001, -97.45260596571069]], "17": [[0.06450263911834783, -0.8158614312911505, -0.0061308194553717325], [-658.0206100340998, -50.26615754780585, -162.76415513354107]], "36": [[-0.08343243011688088, 0.8099831639903078, 0.022475500389613733], [646.1209337167924, 76.40510843959984, -264.7938759683672]], "40": [[-0.08649818223457782, 1.014254104115219, 0.02111039205614504], [717.1892535833429, 72.03667348292478, -408.3323110252671]], "41": [[-0.09276606047663644, 1.082462903061252, 0.02275731256172016], [740.3374379302279, 75.71554241502288, -482.73524094309994]], "16": [[0.07285298998808912, -0.9275259531372972, -0.007153112876730051], [-752.1006890732557, -56.58076043317473, -237.37322477415753]], "35": [[-0.07573005780713901, 0.7689529301874959, 0.01916076258393488], [621.1872933558384, 69.02260280958336, -228.1824336632674]], "43": [[-0.09215134752095869, 1.2099934673911572, 0.019296812516988456], [766.9743435453128, 68.99758206471601, -593.1121892585967]], "15": [[0.08365429709040863, -1.096749831383855, -0.006300174313532947], [-817.8667047556839, -60.397684160255196, -322.53334324214643]], "42": [[-0.09068759864824959, 1.1650459846708694, 0.018575173237523116], [754.5159243752753, 68.62587174986554, -571.5185295197443]], "44": [[-0.0957168514186534, 1.2870580355206667, 0.015605578438926284], [774.9621045493305, 66.30353951069378, -677.3721498106888]], "12": [[0.10224407411690276, -1.3380102969725274, -0.009141398463163414], [-906.0059259107509, -65.16773090533992, -531.0825113265461]], "45": [[-0.10305492376467873, 1.3723687389789305, 0.012978566880735716], [778.9521863919952, 65.75780162419146, -769.5093866095423]], "46": [[-0.10939356153989568, 1.4963788232841526, 0.014124619038130684], [765.3423487712504, 64.27426245597402, -893.5013900447839]], "11": [[0.10784391932532576, -1.4215722287842998, -0.009853594358565884], [-912.6639822289035, -64.6427649932808, -590.2606987009327]], "13": [[0.10034044734995926, -1.3009931201068727, -0.008300268627618401], [-905.2852715630345, -66.24197165115181, -489.8699722818432]], "48": [[-0.11745746741588706, 1.5917240910246089, 0.01407054709036958], [734.8462351120926, 62.78481082059367, -968.518836735413]], "10": [[0.11392518053458263, -1.506115834864833, -0.010542854624861913], [-934.1538837958434, -65.48545417200809, -674.6092811638105]], "14": [[0.09489156333781096, -1.2234629215439463, -0.008523188075323318], [-895.7186234572523, -65.87192899789908, -439.7439215014385]], "47": [[-0.11800022611946148, 1.5909662015496655, 0.01409565232330509], [734.9438204459095, 62.943038586406736, -967.7934370727141]], "7": [[0.13831100507037042, -1.818152645241227, -0.012797994836831274], [-905.8049789545819, -61.62479875278349, -975.5952888836156]], "49": [[-0.12521116277784258, 1.6831521034690287, 0.01486694592362033], [698.8423929489858, 61.06818458375665, -1035.9972254600173]], "8": [[0.1267258368132055, -1.6544296059121486, -0.011733787229761393], [-945.0514492779025, -66.21637517856757, -830.0192399390119]], "6": [[0.14936608402676438, -1.987346570802258, -0.015275412716127467], [-844.0796809612318, -54.082582305915764, -1116.9976513239492]], "50": [[-0.1296251668865424, 1.739794177426729, 0.015272772934516012], [700.4113918948362, 61.250742106869275, -1070.182463279428]], "9": [[0.12239011100652014, -1.600193656632671, -0.012236281601191357], [-942.8670616329861, -65.70568274226468, -772.4708982399058]], "5": [[0.15759464172292542, -2.0832857628370194, -0.01625472332547741], [-812.5383159226227, -51.512319810896564, -1208.888257975662]], "51": [[-0.14035394968159373, 1.867017721093595, 0.01719110049152916], [651.9289382450065, 59.924137211001124, -1190.8980552667474]], "4": [[0.16440633016039316, -2.1703952065065737, -0.016238826066687573], [-771.8406150388307, -48.340907311111344, -1289.31811992588]], "52": [[-0.14660880198361498, 1.94044002577397, 0.017675293681489262], [619.997012501555, 58.263306570055335, -1258.1743020800004]], "3": [[0.16988146789630912, -2.2400537810894496, -0.015871807532287154], [-733.5837192302129, -45.71889653405633, -1322.6356813068257]], "53": [[-0.15314388639524193, 2.0320066295434995, 0.019784628682354692], [575.0532672345792, 56.277319842861644, -1341.2240341990798]], "1": [[0.19010086877132604, -2.4651864967536348, -0.011855304284427636], [-585.6552016404162, -37.08743986887451, -1409.7477854900408]], "2": [[0.19078835793988372, -2.465155483514999, -0.011324225589147729], [-585.7384238509787, -37.71036559436128, -1409.854166454612]]}}
