{"0": {"26": [[0.0, 0.0, 0.0], [0.0, 0.0, 0.0]], "27": [[-0.006351419091010064, 0.08563620730111576, 0.0015532447922184435], [71.0647771333861, 5.22637641438384, 16.068738918954715]], "25": [[0.011031507834652449, -0.13583308961255372, 0.0005106342925396373], [-141.39727206024713, -11.128464014986763, 1.6411437208336381]], "29": [[-0.011449849166988452, 0.14108107897894523, 0.002110857551400404], [128.6006881641294, 10.423673840548652, -0.6004499776881733]], "24": [[0.018909394700331778, -0.2418090580180864, -0.0009337471719651724], [-252.05616514957524, -19.302421049820797, -8.390768718744592]], "28": [[-0.011723612330705737, 0.14068323064345703, 0.0018533155018519805], [128.40950627201826, 10.677775707468662, -0.8969555812979749]], "30": [[-0.02911417099640247, 0.3873602502274856, 0.004698598963516656], [341.18300539961433, 26.1126322786739, -49.16882058746141]], "23": [[0.02409685424116612, -0.3275455574892327, -0.002328449085345083], [-340.41496442629864, -24.757778548307144, -21.955326159643427]], "31": [[-0.03694293374729772, 0.5001231382220611, 0.005664529010043325], [408.0031579516011, 30.951387768551218, -80.5889060415384]], "32": [[-0.04330475327434771, 0.5803704933691488, 0.006842337649158155], [476.9729569725887, 36.75863433340909, -120.81904214286698]], "22": [[0.024053170206498827, -0.32650319237029013, -0.0024200025231989773], [-339.6959636229042, -24.727462877694308, -20.80190685902371]], "21": [[0.03323741630093938, -0.4171428272441253, -0.003288784321712046], [-402.5973633196777, -31.21484504975993, -34.413736818766175]], "33": [[-0.0596933091496775, 0.6911172927756527, 0.011639429052751742], [565.0891055510981, 52.54486410741888, -178.7900337642749]], "20": [[0.041697409692220744, -0.5356557563730215, -0.0038316103696699683], [-485.6611293393819, -36.96698657521884, -70.88894489369741]], "36": [[-0.08838261687143498, 0.8601569456804887, 0.021890110867331693], [666.7023953140695, 78.26875849974368, -281.42113641130436]], "19": [[0.041696943728250266, -0.535654966312608, -0.003831861504994485], [-485.78819765959366, -37.070357228373176, -71.82339566244752]], "37": [[-0.09141721297172008, 0.8762719243627992, 0.024038959468461997], [674.7667468612594, 81.39427225196933, -298.29334885642294]], "38": [[-0.08651073081429797, 0.9677132958961182, 0.01980423532867108], [700.334329102334, 72.29732848253381, -390.7039143613326]], "18": [[0.050741044440429886, -0.6539016856969964, -0.004734846462177262], [-570.9209675556788, -43.34634424805081, -97.90974535281057]], "35": [[-0.084506784202607, 0.8094582882978784, 0.021871533942956656], [645.8619318584259, 76.86023626120237, -264.5308082719965]], "39": [[-0.08783774202061308, 1.013401408567922, 0.020418362496044184], [716.8942050488502, 72.5232762763921, -407.7767908485873]], "40": [[-0.09413956489051424, 1.0816108322152818, 0.022099793490673803], [740.0808711497182, 76.20040922326935, -482.15634553375077]], "17": [[0.06336059748271798, -0.8177497343463751, -0.005960304034703418], [-659.054272808854, -49.4752125722446, -163.78827114644776]], "34": [[-0.07681773517505606, 0.7683229849620035, 0.018502993031822276], [620.8662534253987, 69.48415719579938, -227.85365971019797]], "42": [[-0.09372324745938235, 1.2091255277568937, 0.01861789199302667], [766.793707121202, 69.50819025338798, -592.5004795951183]], "16": [[0.07175975992191763, -0.9293249622380488, -0.007111640904491946], [-752.9677076151031, -55.81009010006241, -238.45017534547497]], "41": [[-0.09177406180830665, 1.1640905761727363, 0.018226323558227033], [754.287366724011, 69.06741853750341, -570.7927674983313]], "15": [[0.08259424572181896, -1.098561613899588, -0.006401270364144011], [-818.5442778956352, -59.632948987091105, -323.7389709516919]], "43": [[-0.09693307468526047, 1.287030305653635, 0.015235106440468642], [774.9138105892745, 66.72745695786898, -677.3406195932799]], "12": [[0.1014418922695663, -1.3397972401023674, -0.00951388993519759], [-906.3659271947207, -64.48290671332755, -532.3638797962744]], "44": [[-0.10272608496285432, 1.3720615051837675, 0.013895347387320865], [778.9216842236045, 66.13446120894443, -769.2554840255432]], "45": [[-0.11047549727988751, 1.496683205472813, 0.01407319108687914], [765.2727200915912, 64.716143584051, -893.739222114118]], "11": [[0.10718112776791021, -1.4235030402352025, -0.010292442930840882], [-912.9342694400508, -64.01152854672115, -591.6944350796593]], "13": [[0.09964208379927665, -1.3029942611119723, -0.008692051002083038], [-905.742744331932, -65.60016569146842, -491.35368121116454]], "47": [[-0.11839463301655635, 1.5918543156460616, 0.014179527141553206], [734.7852299230657, 63.233588312249076, -968.5931545183719]], "10": [[0.11332135541655536, -1.507954341759543, -0.011072913675850109], [-934.2929238150222, -64.84985494504441, -675.9985951168032]], "14": [[0.09411361727783121, -1.225668765695171, -0.00884997511220853], [-896.3468081563808, -65.19805835859603, -441.3011674090243]], "46": [[-0.11896289542240047, 1.5909358248988792, 0.014158595034737246], [734.9097712173157, 63.37984326501638, -967.7298942810008]], "7": [[0.13793479852008939, -1.8203860797261577, -0.013338856143916304], [-905.4384912022307, -61.09065292531426, -977.2710617165675]], "48": [[-0.12702807595767812, 1.6830352186999586, 0.014385099942203812], [698.8216764044821, 61.45966724758981, -1035.93130333377]], "8": [[0.1262010346182834, -1.6565073074993417, -0.012208277406020119], [-944.9768834098483, -65.65318401301406, -831.5756411706299]], "6": [[0.14884764908017642, -1.9893986276770188, -0.01585336248582155], [-843.4973920352979, -53.481531742882794, -1118.4341189937816]], "49": [[-0.1314930646157456, 1.739981561937224, 0.014808902082405791], [700.3038568462273, 61.61623997060904, -1070.3639054398818]], "9": [[0.12173373453021952, -1.6023277624967482, -0.012644092694907771], [-942.8795424825714, -65.10416268248454, -774.0560950103584]], "5": [[0.15702642229520583, -2.0849081093456845, -0.016973482201097644], [-811.9804211509431, -50.83938144796266, -1209.974510952957]], "50": [[-0.14224862307441158, 1.867041929973527, 0.016867522836264387], [651.8611202927791, 60.3033211525104, -1190.9286590501245]], "4": [[0.1638107969559779, -2.172048044659376, -0.016917859327316504], [-771.1780908013772, -47.693576824531014, -1290.3240714960484]], "51": [[-0.14859063228755642, 1.9402720784444727, 0.017402488216139052], [620.0086816819643, 58.65798886262102, -1258.071139512442]], "3": [[0.16933570333462, -2.241710465386163, -0.01661230135843465], [-732.8463609949, -45.061477849453546, -1323.6228147679221]], "52": [[-0.1555582599564095, 2.0314764577533637, 0.019265339153019388], [575.2531267940609, 56.568158306806836, -1340.899175849678]], "1": [[0.1896801888680523, -2.466963525989858, -0.012700972422365788], [-584.624465536351, -36.42381044755145, -1410.6361012122154]], "2": [[0.1903748902635093, -2.46694807373333, -0.01216326810433498], [-584.6967144015674, -37.05116979213956, -1410.7545755361398]]}}
